{
  "config": {
    "shared_conv_filters": [
      32,
      64,
      128
    ],
    "shared_kernel_sizes": [
      3,
      3,
      3
    ],
    "shared_strides": [
      1,
      1,
      1
    ],
    "shared_pool_sizes": [
      2,
      2,
      2
    ],
    "class_dense_units": [
      64,
      32
    ],
    "class_dropout": 0.3,
    "class_l2": 0.001,
    "reg_lstm_units": 64,
    "reg_lstm_dropout": 0.2,
    "reg_lstm_recurrent_dropout": 0.2,
    "reg_dense_units": [
      32
    ],
    "reg_dropout": 0.2,
    "reg_l2": 0.001,
    "batch_size": 64,
    "epochs": 100,
    "learning_rate": 0.001,
    "patience": 15,
    "classification_weight": 0.4,
    "regression_weight": 0.6
  },
  "test_metrics": {
    "classification": {
      "accuracy": 0.8462671905697446,
      "precision": 0.5608974358974359,
      "recall": 0.4985754985754986,
      "f1_score": 0.5279034690799397
    },
    "regression": {
      "mae": 0.1697664111852646,
      "mse": 0.08876881748437881,
      "rmse": 0.29794096308560664,
      "r2": -0.004090309143066406,
      "direction_accuracy": 0.21414538310412573
    }
  },
  "training_info": {
    "epochs_trained": 19,
    "best_val_loss": 0.24297602474689484,
    "final_train_loss": 0.08628949522972107,
    "final_val_loss": 0.498936265707016
  }
}