{
  "loss_config": {
    "classification_weight": 0.4,
    "regression_weight": 0.6,
    "use_focal": false,
    "use_consistent_peak": true,
    "peak_threshold": 0.5,
    "target_height": 0.7,
    "peak_weight": 0.3
  },
  "test_metrics": {
    "classification": {
      "accuracy": 0.862475442043222,
      "precision": 0.5983379501385041,
      "recall": 0.6153846153846154,
      "f1_score": 0.6067415730337079
    },
    "regression": {
      "mae": 0.186309814453125,
      "mse": 0.1169370487332344,
      "rmse": 0.3419605952931338,
      "r2": -0.32270944118499756,
      "direction_accuracy": 0.19548133595284872
    }
  },
  "signal_strength_analysis": {
    "strong_signals": {
      "count": 257,
      "mae": 0.7683660984039307,
      "direction_accuracy": 0.6536964980544747
    },
    "weak_signals": {
      "count": 1779,
      "mae": 0.10222411155700684,
      "direction_accuracy": 0.12928611579539068
    }
  },
  "training_info": {
    "epochs_trained": 23,
    "best_val_loss": 0.2914327383041382,
    "final_train_loss": 0.052134931087493896,
    "final_val_loss": 0.3549145460128784
  }
}